src,dst,w
us,us,0.0
in,in,0.0
fi,fi,0.0
ru,it,93.0
fr,fr,0.0
es,gb,648.0
de,es,612.0
de,cn,575.0
gb,ch,645.5
pe,br,226.0
ch,us,852.0
es,ec,513.0
ca,us,2316.0
us,co,300.0
cn,fi,137.0
pk,cn,904.0
ar,ca,35.0
ca,be,72.0
ar,es,392.0
eg,eg,0.0
jp,id,182.0
br,es,600.0
au,jp,108.0
us,dk,295.0
tr,it,152.0
gb,cl,136.0
gb,za,160.0
za,gb,330.0
fr,de,721.0
gr,fr,59.0
ng,ru,69.0
br,ca,454.0
gb,gr,204.0
de,mx,48.0
us,kr,879.0
mx,de,101.0
eg,pl,9.0
jp,pt,17.0
de,ca,246.0
kr,bd,37.0
in,ca,500.0
nl,gb,537.0
gb,tr,275.0
se,ch,120.0
cl,br,86.0
ir,it,222.0
eg,gb,196.0
nl,pt,115.0
fr,au,114.0
es,ng,6.0
es,pe,292.0
es,pl,74.0
in,cn,215.0
ar,mx,78.0
co,it,81.0
in,es,189.0
pk,ca,103.0
co,ar,163.0
us,be,222.0
de,in,237.0
au,my,87.0
nl,ec,6.0
jp,gb,272.0
tw,pl,13.0
mx,fr,83.0
ca,dk,68.0
pk,in,10.0
at,us,192.0
gr,nl,103.0
se,at,55.0
ua,be,14.0
at,dk,58.0
tw,id,121.0
ch,dk,119.0
cn,bd,72.0
au,it,58.0
br,in,23.0
nl,se,147.0
nl,id,46.0
ch,kr,33.0
es,se,186.0
ca,kr,54.0
cn,ru,73.0
es,pt,479.0
ec,ar,110.0
jp,pl,23.0
za,pl,4.0
br,mx,100.0
za,pt,8.0
za,ng,65.0
fr,nl,244.0
my,br,1.0
eg,ng,3.0
gr,de,99.0
id,at,14.0
jp,eg,60.0
at,be,56.0
be,tw,9.0
se,gr,18.0
cl,fi,14.0
ua,us,153.0
my,bd,111.0
ng,br,64.0
jp,se,48.5
ru,jp,26.0
fr,ie,96.0
pl,br,15.0
kr,br,9.0
ch,be,125.0
ru,my,9.0
pe,fi,8.0
ec,it,32.0
tr,my,17.0
nl,pe,13.0
id,tr,26.0
mx,nl,45.0
ir,jp,17.0
ch,co,21.0
gb,at,195.0
dk,pk,7.0
za,se,19.0
ar,in,4.0
tr,jp,25.0
pk,es,60.0
tw,gb,114.0
ua,dk,13.0
fi,br,21.0
fi,ru,5.0
it,tw,7.0
za,id,4.0
bd,tw,6.0
es,ua,14.0
kr,ru,8.0
gr,ie,19.0
tw,se,17.0
se,za,10.0
it,pk,22.0
mx,ie,20.0
in,mx,36.0
ca,co,30.0
es,id,4.0
pl,fi,25.0
tw,eg,5.0
jp,pe,10.0
be,pk,9.0
br,cn,48.0
ir,my,20.0
kr,fi,31.0
pk,mx,8.0
mx,au,26.0
se,tr,18.0
co,jp,11.0
pe,ru,2.0
eg,id,11.0
cn,br,35.0
eg,se,6.0
es,eg,16.0
ng,fi,15.0
pl,ru,3.0
at,co,6.0
pt,ir,2.0
au,ar,9.0
gr,au,6.0
eg,pt,10.0
ar,cn,8.0
ie,pk,3.0
bd,pk,5.0
fi,bd,4.0
ru,ar,2.0
nl,pl,27.0
nl,eg,11.0
my,fi,12.0
id,ch,11.0
ec,jp,5.0
za,eg,4.0
ec,my,1.0
nl,ng,7.0
id,gr,1.0
ua,kr,3.0
ie,ir,3.0
tw,pe,1.0
jp,ec,4.0
be,ir,3.0
dk,ir,6.0
ng,bd,2.0
jp,ng,5.0
cl,ru,1.0
at,kr,8.0
se,cl,5.0
dk,tw,4.0
nl,ua,3.0
id,za,3.0
tr,ar,1.0
it,ir,12.0
pt,tw,2.0
ie,tw,3.0
pl,bd,1.0
id,cl,1.0
bd,ir,2.0
pt,pk,3.0
jp,ua,2.0
my,ru,1.0
pe,pe,0.0
us,ch,796.0
ie,ie,0.0
ng,gb,742.0
ch,ch,0.0
cn,gb,1705.0
my,gb,220.0
ng,ng,0.0
pl,pl,0.0
ar,ar,0.0
at,at,0.0
fi,se,117.0
pk,my,193.0
us,at,218.0
gb,us,2972.0
be,fr,327.0
cn,eg,46.0
co,ca,118.0
ie,fr,66.0
ir,ca,510.0
in,my,155.0
us,cl,182.0
co,mx,467.0
it,de,792.0
cl,gb,134.0
ec,es,649.0
de,jp,225.5
es,br,292.0
au,cn,439.0
us,tr,286.0
pk,it,267.0
in,it,332.0
br,it,269.0
it,fr,666.0
pt,de,211.0
de,it,624.0
br,jp,50.0
be,nl,379.0
ch,at,153.0
kr,id,50.0
pk,jp,54.0
cn,se,194.0
at,ch,187.0
gb,dk,338.0
in,jp,293.0
tr,es,64.0
be,de,278.0
bd,au,299.0
nl,bd,17.0
tr,cn,25.0
pe,ec,83.0
dk,de,208.0
my,eg,5.0
ec,mx,215.0
ir,cn,52.0
se,us,325.0
ch,gr,29.0
au,es,77.0
gb,be,337.0
id,us,147.0
bd,fr,33.0
nl,fi,79.0
au,ca,154.0
ca,ch,186.0
it,nl,391.0
pe,gb,71.0
za,fi,16.0
id,be,19.0
it,au,79.0
it,ie,118.0
us,gr,69.0
co,es,983.0
pt,fr,152.0
se,dk,264.0
cl,ec,60.0
us,za,135.0
pl,gb,149.0
cl,pe,78.0
es,fi,91.0
au,in,126.0
pl,ua,70.0
ng,id,8.0
fi,eg,5.0
tr,ca,113.0
ca,at,45.0
ng,pl,19.0
ch,tr,36.0
fi,pl,14.0
bd,ie,13.0
ch,za,26.0
pt,nl,126.0
ie,de,113.0
jp,ru,16.0
fi,pt,24.0
fi,gb,118.0
au,mx,11.0
pt,ie,54.0
pl,se,63.0
ng,se,14.0
dk,nl,92.0
ca,tr,40.0
dk,fr,61.0
at,za,7.0
br,ar,141.0
gb,co,59.0
ca,za,21.0
pt,au,21.0
ie,nl,75.0
eg,ru,13.0
bd,de,66.0
jp,bd,117.0
ar,it,50.0
se,be,79.0
my,id,113.0
kr,pe,5.0
kr,gb,197.0
gb,kr,157.0
cn,pt,45.0
kr,se,43.0
dk,au,61.0
my,ng,42.0
be,au,63.0
at,tr,19.0
ru,cn,132.0
jp,fi,39.0
kr,pl,25.0
ir,es,94.0
fr,ir,5.0
ec,ca,21.0
cn,pl,52.0
fr,tw,21.0
ru,es,37.0
pl,id,5.0
dk,ie,16.0
ch,cl,11.0
at,gr,13.0
fi,ua,4.0
ua,ch,49.0
my,pl,15.0
cl,pt,17.0
cn,id,32.0
ie,au,73.0
za,br,8.0
cn,ua,19.0
nl,br,64.0
ec,in,2.0
ca,cl,26.0
at,cl,7.0
id,kr,128.0
fi,id,1.0
cl,pl,7.0
de,my,21.0
my,se,9.0
se,co,8.0
be,ie,33.0
ua,at,21.0
ru,mx,10.0
gr,tw,3.0
ca,gr,15.0
kr,pt,9.0
id,dk,7.0
jp,br,23.0
de,ar,24.0
ir,in,9.0
pl,eg,6.0
es,ru,7.0
pe,pt,5.0
tw,br,2.0
ru,in,23.0
bd,nl,30.0
cn,ng,20.0
tw,fi,9.0
nl,ru,3.0
fr,pk,6.0
pl,pt,32.0
ng,pt,15.0
ru,ca,29.0
my,pt,5.0
pe,pl,6.0
co,in,5.0
cl,eg,1.0
se,kr,13.0
cn,pe,3.0
ar,jp,4.0
cl,se,13.0
in,ar,4.0
ng,eg,12.0
kr,ua,2.0
pe,se,9.0
ng,ua,2.0
cn,ec,4.0
kr,eg,7.0
eg,fi,12.0
kr,ng,3.0
ir,mx,3.0
ua,tr,6.0
es,bd,3.0
eg,br,4.0
mx,tw,6.0
tr,in,8.0
fi,ec,1.0
ec,cn,5.0
co,cn,8.0
tw,bd,2.0
ua,za,1.0
tr,mx,3.0
pl,pe,2.0
ar,my,1.0
br,my,1.0
cl,id,1.0
za,ru,3.0
pe,ng,1.0
ua,cl,1.0
pl,ng,1.0
pe,id,1.0
fi,pe,1.0
br,br,0.0
jp,jp,0.0
cn,cn,0.0
us,au,667.0
fr,us,916.0
us,de,1203.0
us,nl,511.0
ec,ec,0.0
cl,es,511.0
at,de,591.0
us,fr,657.0
fr,kr,35.0
pl,ca,46.0
ec,gb,28.0
pe,mx,147.0
in,fi,147.0
es,it,691.0
co,gb,103.0
ca,fr,269.0
ua,de,158.0
co,pt,31.0
ng,ca,130.0
ch,de,724.0
mx,us,644.0
cl,mx,108.0
cn,es,233.0
it,ch,508.0
ch,fr,411.0
in,bd,73.0
cn,in,91.0
be,tr,30.0
ie,tr,8.0
au,gb,728.0
jp,it,66.0
tw,jp,115.0
nl,it,296.0
ua,fr,36.0
kr,cn,274.0
fr,be,393.0
de,fi,162.0
us,ie,250.0
it,gr,50.0
id,tw,157.0
mx,co,354.0
ca,au,194.0
es,ar,167.5
fi,es,76.0
pk,fi,80.0
it,tr,57.0
it,at,202.0
ir,gb,322.0
gb,ir,26.0
au,id,114.0
ng,cn,66.0
fr,dk,129.0
fr,co,42.0
cn,ca,437.0
pt,at,51.0
co,ec,80.0
de,bd,19.0
pl,cn,28.0
tr,gb,513.0
my,cn,181.0
ca,de,241.0
au,pt,15.0
pt,ch,96.0
co,pe,88.0
co,se,21.0
kr,ca,97.0
eg,my,18.0
pe,es,393.0
ar,br,144.0
be,at,63.0
mx,be,22.0
ie,ch,32.0
ru,gb,114.0
tr,eg,6.0
at,nl,78.0
se,tw,4.0
es,jp,65.0
tr,se,66.0
de,br,211.0
cl,ca,38.0
kr,in,174.0
ca,ie,76.0
ng,in,82.0
tr,id,15.0
gb,tw,94.0
tr,pl,75.0
my,in,89.0
pl,es,108.0
dk,ch,88.0
ir,se,64.0
ca,nl,114.0
dk,at,39.0
ec,pe,122.0
be,ch,161.0
ec,pt,16.0
ch,nl,238.0
gr,be,67.0
es,my,5.0
ua,ie,19.0
ru,pe,3.0
cn,mx,11.0
gr,us,139.0
gr,dk,28.0
eg,it,33.0
dk,za,4.0
ie,za,3.0
ru,eg,15.0
ch,au,90.0
nl,my,9.0
at,fr,97.0
au,ng,5.0
se,ir,4.0
be,gr,34.0
ch,ie,43.0
pk,ru,28.0
tr,pt,27.0
it,cl,35.0
co,pl,4.0
ir,pt,53.0
fi,ca,33.0
gb,pk,114.0
nl,jp,48.0
au,se,65.0
de,ru,25.0
eg,jp,79.0
dk,tr,12.0
be,za,15.0
mx,dk,17.0
ru,id,12.0
my,ca,38.0
fi,cn,55.0
dk,gr,15.0
jp,my,49.0
cl,cn,7.0
ru,ua,24.5
kr,es,50.0
tw,it,22.0
ie,at,20.0
pt,tr,14.0
in,ru,27.0
fi,in,16.0
ng,es,31.0
pe,ca,19.0
my,es,12.0
au,pl,12.0
in,br,36.0
br,fi,52.0
ie,gr,9.0
ua,nl,16.0
pt,cl,8.0
ua,au,5.0
at,ie,27.0
za,it,20.0
ru,pl,13.0
nl,ar,8.0
ir,pl,58.0
au,pe,4.0
za,jp,12.0
ru,ng,10.0
at,au,36.0
au,ua,4.0
ru,se,17.0
it,za,13.0
ru,ec,15.0
se,pk,9.0
pe,cn,7.0
pl,in,30.0
ir,id,2.0
jp,ar,3.0
dk,cl,8.0
pl,mx,5.0
bd,at,3.0
tw,my,17.0
cl,in,5.0
ru,pt,11.0
bd,tr,21.0
be,cl,16.0
pk,br,25.0
au,ec,5.0
br,ru,4.0
ir,eg,1.0
mx,kr,7.0
pk,bd,3.0
co,id,1.0
ng,mx,10.0
pt,gr,17.0
tr,ng,7.0
ar,bd,1.0
ar,ru,3.0
bd,ch,8.0
kr,mx,5.0
ar,fi,8.0
au,eg,5.0
ir,ng,2.0
pt,za,6.0
ie,cl,4.0
co,ng,1.0
za,my,8.0
id,pk,6.0
tr,ua,1.0
ec,se,4.0
br,bd,2.0
id,ir,1.0
bd,gr,2.0
gr,kr,2.0
pe,in,1.0
ec,pl,1.0
es,es,0.0
my,my,0.0
gb,ie,615.0
gr,gr,0.0
be,be,0.0
ru,ru,0.0
gb,nl,645.0
gb,de,1178.0
pk,gb,494.0
it,us,860.5
dk,dk,0.0
br,gb,501.0
cn,my,333.0
nl,ca,81.0
cn,jp,643.0
nl,es,288.0
za,in,33.0
id,au,291.0
fr,ch,582.0
pk,se,31.0
br,pt,1146.0
es,cn,146.0
de,gb,1164.0
bd,us,1664.0
be,dk,66.0
za,cn,13.0
gr,ch,57.0
bd,kr,109.0
in,pt,57.0
cn,it,235.0
se,de,295.0
ie,us,242.0
my,it,8.0
ie,be,39.0
jp,cn,476.0
se,nl,139.0
gb,au,864.5
nl,cn,218.0
dk,us,212.0
us,tw,296.0
co,br,340.0
se,fr,124.0
es,mx,326.0
in,gb,1639.0
br,se,97.0
in,se,260.0
au,br,55.5
gb,fr,669.0
jp,ca,97.0
cl,it,54.0
id,nl,107.0
pt,dk,59.0
it,dk,166.0
tw,cn,77.0
de,pt,146.0
in,pl,211.0
de,ec,15.0
de,pl,149.0
be,us,307.0
de,se,347.0
it,be,313.0
de,id,29.0
ir,br,14.0
ir,fi,93.0
au,bd,80.0
ar,ec,122.0
us,ir,24.0
it,co,35.0
de,eg,53.0
br,pe,132.0
nl,in,39.0
kr,jp,117.0
se,ie,30.0
au,fi,26.0
tr,bd,19.0
es,ca,112.0
tr,fi,61.0
id,de,42.0
pe,jp,22.0
us,pk,124.0
eg,ca,60.0
pk,pl,45.0
fi,jp,23.0
pe,ar,94.0
at,pk,11.0
pt,us,209.0
pt,be,128.0
pl,it,135.0
tw,ca,37.0
in,id,23.0
ec,br,77.0
ng,my,102.0
ca,pk,20.0
ar,pe,71.0
cl,ar,124.0
fr,cl,65.0
fr,at,98.0
kr,my,22.0
ar,gb,51.0
eg,cn,68.0
ca,ir,20.0
ng,it,19.0
jp,es,58.0
gr,at,16.0
br,pl,37.0
mx,at,18.0
fr,za,16.0
at,tw,2.0
dk,be,48.0
pk,id,28.0
bd,dk,19.0
id,ie,8.0
br,ec,46.0
tw,mx,3.0
it,kr,19.0
fr,gr,42.0
es,in,40.0
tw,in,68.0
mx,ch,30.0
eg,es,24.0
fi,it,51.0
de,pe,21.0
pe,it,21.0
my,jp,53.0
za,ca,64.0
se,au,63.0
cl,jp,7.0
ar,pl,7.0
ru,br,18.0
de,ua,54.0
fr,tr,38.0
mx,cl,97.0
ie,dk,22.0
nl,mx,8.0
ng,jp,17.0
jp,in,120.0
in,ng,36.0
ru,fi,50.0
ar,se,13.0
ch,tw,11.0
br,ng,15.0
pk,pt,31.0
co,fi,11.0
br,ua,1.0
ch,pk,7.0
kr,it,27.0
id,fr,12.0
eg,in,7.0
dk,kr,6.0
ch,ir,7.0
ir,ru,20.0
pl,jp,29.0
bd,be,13.0
ru,bd,4.0
jp,mx,12.0
tr,ru,9.0
in,eg,4.0
de,ng,13.0
ie,co,2.0
ie,kr,6.0
ua,tw,4.0
tw,es,11.0
za,es,25.0
pt,co,12.0
ec,ru,2.0
pl,my,8.0
cn,ar,8.0
be,kr,12.0
pt,kr,3.0
dk,co,5.0
ar,pt,14.0
ca,tw,20.0
ua,pk,1.0
gr,tr,7.0
in,ua,1.0
eg,mx,2.0
tr,br,5.0
at,ir,4.0
br,eg,1.0
mx,tr,1.0
pl,ar,2.0
be,co,8.0
au,ru,1.0
co,ru,3.0
kr,ar,2.0
in,pe,1.0
ir,bd,1.0
ec,fi,2.0
ar,ng,1.0
gr,za,1.0
ec,bd,1.0
ng,ar,1.0
fi,ar,1.0
mx,gr,1.0
gb,cn,1277.0
co,co,0.0
es,fr,549.0
nl,nl,0.0
es,de,605.0
kr,pk,40.0
bd,bd,0.0
ir,dk,74.0
za,nl,77.0
us,jp,643.0
au,us,711.0
za,au,89.0
ir,us,988.0
co,us,714.0
de,ch,1008.0
pt,br,537.0
nl,de,626.0
fr,pl,87.0
de,at,723.0
jp,au,121.0
fr,se,187.0
fr,gb,658.0
ca,jp,81.0
se,cn,114.0
fr,pt,167.0
tr,be,97.0
cn,pk,161.0
gb,es,856.0
jp,de,222.0
in,ch,161.0
gr,se,52.0
gb,ca,527.0
se,in,63.0
au,co,18.0
ar,cl,133.0
gr,gb,178.0
mx,ec,155.0
bd,fi,80.0
ec,us,188.0
my,tw,22.0
ch,it,331.0
tr,us,803.0
es,nl,280.0
gb,in,441.0
nl,au,117.0
ru,us,236.0
za,de,97.0
eg,de,80.0
ir,be,72.0
us,it,584.0
nl,fr,212.0
br,za,15.0
eg,au,26.0
fi,ir,6.0
us,my,68.0
de,za,48.0
br,cl,113.0
be,br,41.0
de,tr,132.0
jp,ie,24.0
it,br,139.0
bd,ru,9.0
es,ie,125.0
mx,pe,110.0
se,es,167.0
us,ar,110.0
it,fi,107.0
gr,pt,14.0
de,cl,59.0
au,dk,73.0
in,za,95.0
jp,fr,119.0
eg,fr,30.0
dk,fi,50.0
au,kr,35.0
mx,pt,12.0
es,au,80.0
in,tr,25.0
de,gr,58.0
at,it,152.0
za,ie,29.0
tr,dk,44.0
ca,it,76.0
id,cn,48.0
fi,pk,4.0
tw,au,66.0
fr,eg,15.0
pt,fi,36.0
dk,br,16.0
in,at,71.0
ec,co,78.0
jp,nl,59.0
it,ru,16.0
tw,fr,29.0
nl,ie,67.0
za,fr,40.0
pk,tr,57.0
pk,za,11.0
tw,de,70.0
fr,pe,21.0
mx,gb,120.0
gr,pl,5.0
br,ch,114.0
ch,jp,80.0
mx,se,24.0
my,pk,96.0
ng,tw,3.0
br,at,55.0
ir,kr,29.0
ie,fi,16.0
ng,ir,4.0
cn,tw,58.0
fr,ec,14.0
ec,be,21.0
gb,mx,87.0
ar,za,2.5
tw,nl,20.0
ua,jp,12.0
it,bd,13.0
in,gr,10.0
se,ca,54.0
in,cl,41.0
tr,kr,18.0
ie,br,28.0
ch,my,4.0
pk,at,23.0
pk,gr,3.0
my,ir,8.0
au,be,44.0
be,fi,38.0
fr,id,16.0
kr,tw,19.0
ca,ar,7.0
fi,tw,6.0
fr,ua,9.0
mx,ng,2.0
ru,dk,14.0
ua,it,25.0
ru,kr,18.0
id,ca,11.0
pl,ir,2.0
at,jp,28.0
mx,pl,12.0
pk,ch,18.0
id,in,14.0
co,be,29.0
be,bd,7.0
gr,ec,1.0
be,ru,6.0
tw,ie,7.0
ir,co,1.0
ch,ar,4.0
eg,ie,15.0
pl,tw,10.0
bd,br,4.0
ar,ch,18.0
br,tr,6.0
eg,nl,8.0
gr,eg,5.0
mx,id,2.0
co,dk,15.0
cn,ir,11.0
ca,my,12.0
ec,kr,3.0
ru,be,27.0
at,ar,2.0
id,mx,2.0
fr,ng,7.0
co,kr,6.0
mx,eg,1.0
ie,bd,5.0
id,es,11.0
ec,dk,3.0
se,mx,5.0
pt,bd,2.0
pl,pk,4.0
ua,my,1.0
cl,tw,2.0
ar,at,12.0
pk,cl,2.0
kr,ir,2.0
br,gr,3.0
ie,ru,2.0
dk,ru,1.0
dk,bd,1.0
at,my,2.0
cl,ir,1.0
ru,co,4.0
ng,pk,3.0
pe,tw,1.0
gr,ng,1.0
gr,ua,1.0
pe,ir,1.0
ca,ca,0.0
in,us,5136.5
tr,tr,0.0
pl,fr,105.0
co,cl,125.0
bd,pt,13.0
us,cn,2061.0
pt,pt,0.0
it,pt,174.0
gb,my,203.0
gb,it,777.0
tw,tw,0.0
bd,gb,246.0
cn,ie,112.0
br,us,2016.0
pk,us,633.0
us,es,833.0
us,mx,309.0
kr,de,150.0
my,au,155.0
dk,se,161.0
fr,br,235.0
pk,dk,29.0
gb,jp,297.0
de,us,1662.0
cn,nl,414.0
pt,se,67.0
se,it,92.0
be,gb,266.0
ca,cn,335.0
dk,gb,189.0
fi,de,131.0
cn,au,770.0
us,in,942.0
ng,au,60.0
cn,de,764.0
in,kr,424.0
ch,es,237.0
br,co,189.0
de,co,41.0
de,dk,358.0
us,ca,1500.0
it,gb,756.5
pl,de,199.0
ie,gb,491.0
pt,pl,32.0
ca,mx,38.0
au,ch,96.0
be,se,80.0
pl,au,24.0
id,jp,258.0
it,pl,99.0
in,dk,126.0
jp,tw,90.0
ru,tr,28.0
it,eg,20.0
cl,fr,70.0
at,es,102.0
ca,es,129.0
pt,gb,212.0
ng,ie,20.0
in,be,142.0
pl,nl,46.0
ch,ca,152.0
za,tw,5.0
bd,se,27.0
cl,de,99.0
ch,in,77.0
ar,us,227.0
kr,au,104.0
pk,be,35.0
id,my,154.0
it,se,182.0
fi,fr,45.0
cn,fr,244.0
fi,nl,57.0
fr,ru,15.0
au,cl,24.0
ir,tr,91.0
pt,ec,8.0
ca,in,125.0
ar,co,138.0
pe,de,37.0
fr,fi,101.0
cl,au,33.0
my,de,34.0
au,za,21.0
be,pl,46.0
ng,nl,27.0
pk,kr,181.0
ir,ch,52.0
br,dk,73.0
ng,de,62.0
fi,au,34.0
cl,nl,39.0
be,eg,4.0
kr,fr,81.0
dk,pt,27.0
my,fr,15.0
ch,cn,149.0
ec,cl,58.0
mx,br,68.0
at,ca,33.0
mx,ru,6.0
br,be,95.0
tr,ch,102.0
de,be,301.0
ir,at,49.0
ua,es,40.0
co,ch,40.0
ua,ca,43.0
ru,at,25.0
pe,fr,42.0
be,ng,4.0
ie,pt,28.0
ie,ua,2.0
fi,ie,16.0
be,ec,6.0
ar,dk,6.0
be,pt,101.0
se,jp,45.0
it,ec,17.0
nl,tw,14.0
my,ie,21.0
ua,in,2.0
pt,ng,5.0
ie,pl,11.0
it,ng,6.0
kr,ie,28.0
tr,at,54.0
cl,ie,6.0
nl,ir,5.0
fr,bd,7.0
es,ir,10.0
at,in,20.0
ec,ch,7.0
pe,nl,21.0
ru,ch,39.0
pe,au,16.0
ie,pe,2.0
za,pk,5.0
my,nl,12.0
tr,za,1.0
tr,gr,11.0
mx,fi,12.0
tw,pk,3.0
ie,se,27.0
ua,cn,14.0
ng,fr,24.0
dk,pl,20.0
ar,be,11.0
de,kr,83.0
gb,ar,17.0
be,ua,3.0
co,at,15.0
pt,eg,4.0
ru,cl,7.0
at,cn,31.0
au,at,26.0
eg,tw,5.0
it,ua,8.0
ru,za,9.0
co,gr,1.0
it,id,12.0
jp,pk,14.0
id,it,15.0
ru,gr,3.0
se,ar,2.0
jp,ir,5.0
pt,ua,4.0
dk,pe,2.0
br,kr,11.0
ch,mx,18.0
kr,nl,27.0
bd,id,9.0
pt,pe,10.0
ie,id,3.0
it,pe,15.0
pt,id,2.0
ar,kr,3.0
ir,za,9.0
gr,fi,13.0
dk,ec,2.0
bd,ng,4.0
au,tr,14.0
be,id,11.0
be,pe,3.0
at,mx,9.0
bd,pl,3.0
tr,cl,1.0
es,pk,8.0
ir,gr,2.0
co,za,1.0
in,co,5.0
pl,ie,22.0
gr,br,2.0
ir,cl,4.0
gr,ru,2.0
au,gr,2.0
ec,at,4.0
nl,pk,7.0
tw,ir,1.0
es,tw,9.0
dk,id,3.0
dk,ng,1.0
za,ir,1.0
ie,ng,1.0
ie,eg,1.0
dk,eg,1.0
eg,ir,2.0
se,my,3.0
pe,ie,1.0
pk,pk,0.0
tr,de,467.0
se,fi,138.0
cl,cl,0.0
nl,be,356.0
it,cn,110.0
au,au,0.0
be,es,236.0
ru,fr,72.0
ie,ca,48.0
ua,ua,0.0
ca,se,69.0
it,es,827.0
ch,se,114.0
es,be,230.0
es,us,953.0
nl,dk,160.0
au,ie,49.0
gb,bd,117.0
jp,us,1050.0
us,gb,2505.0
at,gb,172.0
es,dk,144.0
at,se,59.0
us,pt,183.0
pt,es,636.0
ir,au,270.0
cn,ch,257.0
mx,ar,57.0
it,ca,128.0
ca,gb,583.0
es,co,551.0
us,pe,179.0
cn,at,66.0
fr,jp,160.0
co,au,47.0
in,tw,218.0
pe,cl,81.0
tw,us,556.0
tr,nl,195.0
us,se,291.0
us,id,73.0
ru,de,252.0
pk,tw,50.0
us,eg,90.0
nl,us,519.0
it,in,75.0
ua,gb,89.0
pt,cn,43.0
gb,br,219.0
ch,gb,530.0
bd,ca,182.0
fi,ch,45.0
au,de,212.0
co,nl,64.0
eg,us,387.0
fr,it,569.0
ua,pl,146.0
ir,de,234.0
za,be,23.0
pt,ca,23.0
us,pl,128.0
co,de,116.0
us,ng,97.0
tr,fr,72.0
ec,fr,24.0
gb,fi,209.0
be,ca,87.0
gr,it,79.0
au,fr,105.0
bd,cn,138.0
ca,eg,17.0
be,cn,130.0
kr,ch,50.0
au,nl,110.0
za,us,287.0
pl,tr,43.0
dk,cn,121.0
ir,nl,105.0
pk,ir,8.0
eg,dk,8.0
dk,in,21.0
ru,au,18.0
tw,kr,28.0
ie,es,140.0
fi,at,33.0
tw,be,26.0
cn,gr,9.0
at,pl,33.0
in,ir,6.0
bd,es,21.0
id,fi,9.0
jp,be,42.0
cn,tr,21.0
ng,ch,18.0
co,fr,89.0
pt,in,18.0
dk,mx,5.0
jp,kr,100.0
za,dk,9.0
ru,nl,51.0
pl,ch,62.0
ch,pl,49.0
mx,it,56.0
us,ec,63.0
ir,ie,42.0
ca,pt,19.0
ng,za,240.0
se,bd,13.0
tr,ie,47.0
ng,tr,15.0
bd,in,77.0
dk,es,108.0
be,in,36.0
ie,in,25.0
cl,ch,17.0
pl,at,51.0
ch,pe,13.0
gr,my,3.0
tr,au,32.0
us,ua,55.0
de,ir,17.0
ch,pt,58.0
ca,pe,12.0
ir,fr,58.0
cn,za,20.0
dk,ca,29.0
ie,cn,53.0
se,ru,8.0
cl,at,10.0
pt,mx,11.0
se,br,34.0
ua,se,35.0
kr,at,17.0
it,mx,26.0
id,ru,10.0
kr,tr,12.0
fi,gr,14.0
fr,ar,14.0
ec,de,32.0
ca,id,7.0
br,ir,2.0
gb,ru,25.0
mx,jp,20.0
at,id,3.0
de,tw,44.0
tw,dk,13.0
cn,cl,11.0
ua,ng,4.0
nl,kr,14.0
pe,ch,13.0
my,at,2.0
kr,za,5.0
co,ie,12.0
ua,pt,11.0
pl,gr,6.0
ca,pl,14.0
ec,nl,7.0
ng,cl,3.0
jp,dk,33.0
fi,tr,11.0
nl,co,22.0
ca,ec,15.0
fi,za,10.0
at,ec,6.0
my,tr,21.0
es,kr,20.0
eg,kr,13.0
pe,at,5.0
ru,ie,9.0
id,bd,5.0
de,pk,18.0
my,ch,4.0
my,za,12.0
at,eg,4.0
eg,be,18.0
za,kr,3.0
ch,ng,7.0
br,pk,4.0
ch,ua,9.0
at,pt,29.0
in,pk,6.0
kr,cl,4.0
pl,cl,6.0
ch,id,6.0
at,ua,6.0
be,mx,15.0
fr,my,7.0
pl,za,4.0
cl,gr,2.0
my,cl,1.0
ng,at,7.0
ca,ua,4.0
id,br,3.0
ch,eg,4.0
ar,tw,2.0
gr,jp,2.0
br,tw,4.0
ec,au,11.0
kr,gr,3.0
gr,ar,2.0
ch,ec,4.0
ec,ie,3.0
ca,ng,5.0
fi,cl,3.0
at,ng,3.0
ua,ec,3.0
jp,co,1.0
ng,gr,2.0
cl,za,5.0
ie,mx,2.0
tw,co,1.0
bd,mx,1.0
at,pe,2.0
pe,za,1.0
gb,gb,0.0
it,it,0.0
de,de,0.0
mx,mx,0.0
ir,ir,0.0
id,id,0.0
fr,es,639.0
za,za,0.0
fi,be,36.0
kr,kr,0.0
se,se,0.0
br,fr,470.0
ch,fi,45.0
gb,pl,146.0
pl,dk,45.0
de,au,241.0
kr,us,1742.0
in,nl,197.0
us,bd,117.0
gb,se,309.0
br,nl,174.0
eg,ch,15.0
pk,de,120.0
mx,ca,110.0
bd,my,151.0
in,fr,395.0
in,au,567.0
in,de,967.0
id,gb,280.0
br,de,485.0
ng,us,979.0
us,br,860.0
dk,it,83.0
gr,es,74.0
nl,ch,288.0
de,nl,740.0
pk,ie,87.0
cn,us,3691.0
gb,eg,81.0
bd,jp,203.0
in,ie,238.0
ie,jp,12.0
cn,dk,187.0
se,gb,260.0
es,cl,404.0
br,au,160.0
tw,ch,19.0
gb,ng,128.0
de,fr,618.0
de,ie,123.0
pe,be,17.0
ar,de,62.0
cn,kr,251.0
es,ch,258.0
mx,es,500.0
jp,ch,82.0
nl,gr,47.0
ca,br,148.0
cl,us,266.0
nl,za,36.0
it,ar,17.0
gb,pt,267.0
pe,us,308.0
cn,be,240.0
us,fi,157.0
fr,ca,407.0
pe,co,86.0
my,us,131.0
pk,au,196.0
fr,in,91.0
gb,id,104.0
se,ng,2.0
ng,be,11.0
be,jp,38.0
es,at,112.0
es,gr,51.0
dk,my,5.0
ie,it,58.0
at,fi,34.0
us,ru,40.0
ng,kr,27.0
jp,at,32.0
pl,be,74.0
ch,br,54.0
fr,cn,219.0
cn,co,5.0
bd,it,29.0
ar,ie,8.0
cl,be,20.0
jp,za,10.0
pt,it,184.0
fr,mx,47.0
ca,bd,29.0
it,my,7.0
fi,us,130.0
tr,pk,26.0
cl,co,69.0
nl,at,94.0
gb,pe,36.0
ir,tw,11.0
es,tr,36.0
za,ch,39.0
kr,be,48.0
fi,dk,48.0
kr,dk,18.0
be,it,227.0
br,ie,78.0
nl,tr,44.0
pl,us,258.0
ca,fi,38.0
it,jp,72.0
au,pk,28.0
pk,fr,46.0
se,pt,55.0
pk,nl,23.0
ua,ru,43.0
au,tw,28.0
eg,tr,16.0
my,kr,20.0
au,ir,9.0
ir,pk,7.0
ar,au,20.0
ar,fr,54.0
ie,my,14.0
pt,jp,15.0
id,pl,12.0
ru,tw,6.0
ch,bd,6.0
id,se,21.0
be,ar,5.0
nl,cl,24.0
gb,ua,17.0
fi,kr,12.0
id,ec,1.0
tr,ir,20.0
kr,co,5.0
be,my,6.0
ua,fi,17.0
at,bd,4.0
at,br,27.0
gb,ec,18.0
mx,in,14.0
mx,cn,13.0
my,be,5.0
gr,ca,7.0
ng,dk,2.0
dk,jp,12.0
za,at,8.0
gr,cn,12.0
my,dk,4.0
se,id,9.0
pt,ar,4.0
se,pl,24.0
jp,gr,4.0
eg,gr,3.0
gr,in,5.0
es,za,14.0
at,ru,4.0
pt,my,5.0
ar,nl,17.0
tw,tr,6.0
cl,dk,9.0
eg,za,5.0
fi,co,3.0
tr,tw,7.0
jp,tr,17.0
pe,dk,1.0
se,eg,5.0
ua,br,5.0
ch,ru,3.0
jp,cl,8.0
id,ng,1.0
ru,ir,3.0
co,tw,5.0
ca,ru,4.0
tw,at,5.0
eg,at,3.0
za,gr,2.0
ru,pk,3.0
pl,kr,13.0
dk,ar,2.0
za,tr,1.0
tw,cl,1.0
se,pe,2.0
pe,kr,2.0
za,cl,1.0
cl,kr,3.0
id,eg,1.0
se,ua,5.0
id,pt,1.0
tw,gr,1.0
tw,za,2.0
ec,tw,1.0
pl,co,1.0
